{
  "sampleTemplates": [
    {
      "id": "newsletter-template",
      "name": "Newsletter Template",
      "description": "A professional newsletter layout with header, content blocks, and footer",
      "elements": [
        {
          "type": "text",
          "content": "Monthly Newsletter",
          "styles": {
            "fontSize": "24px",
            "fontWeight": "bold",
            "color": "#2c3e50",
            "textAlign": "center",
            "padding": "20px",
            "backgroundColor": "#f8f9fa"
          }
        },
        {
          "type": "divider",
          "content": {
            "style": "solid",
            "color": "#e9ecef"
          },
          "styles": {
            "height": "1px",
            "margin": "20px 0"
          }
        },
        {
          "type": "text",
          "content": "Welcome to our monthly newsletter! This month we have exciting updates and new features to share with you.",
          "styles": {
            "fontSize": "16px",
            "color": "#495057",
            "lineHeight": "1.6",
            "padding": "15px"
          }
        },
        {
          "type": "button",
          "content": {
            "text": "Read More",
            "url": "#"
          },
          "styles": {
            "backgroundColor": "#007bff",
            "color": "#ffffff",
            "padding": "12px 24px",
            "borderRadius": "5px",
            "textDecoration": "none",
            "display": "inline-block",
            "margin": "20px 0"
          }
        }
      ]
    },
    {
      "id": "promotional-template",
      "name": "Promotional Email",
      "description": "Eye-catching promotional email with image and call-to-action",
      "elements": [
        {
          "type": "image",
          "content": {
            "src": "https://via.placeholder.com/600x200/007bff/ffffff?text=Special+Offer",
            "alt": "Special Offer Banner"
          },
          "styles": {
            "width": "100%",
            "height": "auto",
            "display": "block"
          }
        },
        {
          "type": "text",
          "content": "Limited Time Offer!",
          "styles": {
            "fontSize": "28px",
            "fontWeight": "bold",
            "color": "#dc3545",
            "textAlign": "center",
            "padding": "20px"
          }
        },
        {
          "type": "text",
          "content": "Get 50% off on all premium features. This offer expires in 48 hours, so don't miss out!",
          "styles": {
            "fontSize": "18px",
            "color": "#495057",
            "textAlign": "center",
            "padding": "10px 20px"
          }
        },
        {
          "type": "button",
          "content": {
            "text": "Claim Offer Now",
            "url": "#"
          },
          "styles": {
            "backgroundColor": "#dc3545",
            "color": "#ffffff",
            "padding": "15px 30px",
            "borderRadius": "8px",
            "textDecoration": "none",
            "display": "inline-block",
            "fontSize": "18px",
            "fontWeight": "bold",
            "margin": "20px auto",
            "textAlign": "center"
          }
        }
      ]
    }
  ],
  "samplePDFContent": {
    "title": "Sample PDF Document",
    "content": "This is a sample PDF document that demonstrates the conversion capabilities of the PDF to Email Builder.\n\nKey Features:\n• Automatic text extraction\n• Layout preservation\n• Responsive design generation\n• Email client compatibility\n\nBenefits:\n• Save time on manual email creation\n• Maintain consistent branding\n• Ensure mobile compatibility\n• Professional email templates\n\nContact Information:\nEmail: support@example.com\nPhone: (555) 123-4567\nWebsite: www.example.com",
    "metadata": {
      "pages": 1,
      "author": "PDF to Email Builder",
      "title": "Sample Document"
    }
  }
}


